{
  "K": 0.015854,
  "cov_matrix": [
    [
      4.031587493324525e-07,
      9.61478792119337e-09,
      -3.932706166049114e-07,
      7.410235571862552e-08,
      -3.9272805794530443e-07,
      7.242267564242704e-08,
      -3.932706166049117e-07,
      7.410235571862586e-08,
      -3.927179480906868e-07,
      7.232871212320563e-08
    ],
    [
      9.614787921193217e-09,
      1.7337060669015763e-09,
      -7.831793242519281e-09,
      1.3361886370670375e-08,
      -7.733960898475863e-09,
      1.3059012135437336e-08,
      -7.831793242519288e-09,
      1.3361886370670388e-08,
      -7.732137923655179e-09,
      1.3042068951180234e-08
    ],
    [
      -3.932706166049116e-07,
      -7.83179324251943e-09,
      1.159878625193625e-06,
      -9.103090130367627e-07,
      3.8477422344572344e-07,
      -5.899240070093374e-08,
      3.852161684245216e-07,
      -6.03605959412439e-08,
      3.8476598839241525e-07,
      -5.891586205432885e-08
    ],
    [
      7.41023557186243e-08,
      1.3361886370670368e-08,
      -9.103090130367614e-07,
      1.4850425791667682e-06,
      -5.960659000595678e-08,
      1.0064741630556064e-07,
      -6.036059594124242e-08,
      1.0298170537165379e-07,
      -5.959254011429661e-08,
      1.0051683309591353e-07
    ],
    [
      -3.927280579453047e-07,
      -7.73396089847602e-09,
      3.8477422344572344e-07,
      -5.960659000595802e-08,
      4.221854052587609e-07,
      -9.913264816541264e-08,
      3.8477422344572366e-07,
      -5.960659000595834e-08,
      3.8432966692363835e-07,
      -5.817990328886746e-08
    ],
    [
      7.242267564242577e-08,
      1.3059012135437337e-08,
      -5.899240070093251e-08,
      1.0064741630556069e-07,
      -9.913264816541133e-08,
      1.6738828556338792e-07,
      -5.899240070093254e-08,
      1.0064741630556077e-07,
      -5.824175441592929e-08,
      9.823841535552644e-08
    ],
    [
      -3.932706166049114e-07,
      -7.831793242519436e-09,
      3.8521616842452135e-07,
      -6.036059594124365e-08,
      3.847742234457233e-07,
      -5.899240070093378e-08,
      9.278949228233454e-07,
      -6.557798579206956e-07,
      3.847659883924151e-07,
      -5.891586205432889e-08
    ],
    [
      7.410235571862413e-08,
      1.336188637067038e-08,
      -6.036059594124223e-08,
      1.0298170537165381e-07,
      -5.96065900059566e-08,
      1.006474163055607e-07,
      -6.557798579206937e-07,
      1.0711647726427622e-06,
      -5.9592540114296424e-08,
      1.005168330959136e-07
    ],
    [
      -3.927179480906868e-07,
      -7.732137923655341e-09,
      3.847659883924151e-07,
      -5.9592540114297873e-08,
      3.8432966692363814e-07,
      -5.824175441593064e-08,
      3.8476598839241525e-07,
      -5.9592540114298224e-08,
      4.5786632508974417e-07,
      -1.3768505309368953e-07
    ],
    [
      7.23287121232043e-08,
      1.3042068951180248e-08,
      -5.891586205432751e-08,
      1.0051683309591363e-07,
      -5.81799032888661e-08,
      9.823841535552656e-08,
      -5.8915862054327574e-08,
      1.0051683309591379e-07,
      -1.3768505309368808e-07,
      2.3313033789256843e-07
    ]
  ],
  "log_iptg_offset": 1e-06,
  "n": 2,
  "param_names": [
    "base|b",
    "base|m",
    "kanR|0|b",
    "kanR|0|m",
    "kanR|1|b",
    "kanR|1|m",
    "pheS|0|b",
    "pheS|0|m",
    "pheS|1|b",
    "pheS|1|m"
  ],
  "param_values": [
    0.02424529698134723,
    0.00010985268437050623,
    0.0017884432448349516,
    8.444576024279224e-05,
    -0.014587099602704651,
    -0.0049019157859049615,
    -0.0019422011572702836,
    -0.00026839502547869185,
    -0.019539128376664164,
    0.008593881827998544
  ]
}