{
  "K": 0.015854,
  "cov_matrix": [
    [
      4.0315874933245194e-07,
      9.614787921193276e-09,
      -3.191682608862859e-07,
      -7.410235571862502e-08,
      -3.203053823028777e-07,
      -7.242267564242614e-08,
      -3.1916826088628594e-07,
      -7.410235571862492e-08,
      -3.203892359674814e-07,
      -7.23287121232047e-08
    ],
    [
      9.614787921193164e-09,
      1.7337060669015726e-09,
      5.530093128151118e-09,
      -1.336188637067035e-08,
      5.325051236961493e-09,
      -1.3059012135437311e-08,
      5.530093128151118e-09,
      -1.3361886370670349e-08,
      5.3099310275250805e-09,
      -1.3042068951180221e-08
    ],
    [
      -3.19168260886287e-07,
      5.5300931281510015e-09,
      8.243031782868691e-07,
      -5.74733566130006e-07,
      3.6682264904439403e-07,
      -4.165501560462759e-08,
      3.6747668191368945e-07,
      -4.2621109430410475e-08,
      3.6677441931970383e-07,
      -4.16009710415855e-08
    ],
    [
      -7.410235571862393e-08,
      -1.3361886370670349e-08,
      -5.74733566130007e-07,
      1.4850425791667687e-06,
      -4.1040826299604025e-08,
      1.0064741630556048e-07,
      -4.262110943041148e-08,
      1.0298170537165352e-07,
      -4.092429298161711e-08,
      1.005168330959134e-07
    ],
    [
      -3.203053823028788e-07,
      5.325051236961376e-09,
      3.668226490443937e-07,
      -4.1040826299602926e-08,
      3.913083944913254e-07,
      -6.825563739797593e-08,
      3.6682264904439387e-07,
      -4.104082629960299e-08,
      3.6614642457436857e-07,
      -4.0058512066659784e-08
    ],
    [
      -7.242267564242522e-08,
      -1.3059012135437303e-08,
      -4.1655015604628476e-08,
      1.0064741630556045e-07,
      -6.825563739797683e-08,
      1.6738828556338765e-07,
      -4.165501560462847e-08,
      1.0064741630556041e-07,
      -3.9996660939597464e-08,
      9.823841535552626e-08
    ],
    [
      -3.19168260886287e-07,
      5.5300931281510064e-09,
      3.6747668191368934e-07,
      -4.262110943041043e-08,
      3.668226490443939e-07,
      -4.165501560462761e-08,
      6.874999796247185e-07,
      -4.153849147220672e-07,
      3.6677441931970373e-07,
      -4.160097104158553e-08
    ],
    [
      -7.410235571862396e-08,
      -1.3361886370670359e-08,
      -4.2621109430411553e-08,
      1.0298170537165362e-07,
      -4.104082629960408e-08,
      1.0064741630556052e-07,
      -4.1538491472206837e-07,
      1.0711647726427615e-06,
      -4.092429298161716e-08,
      1.0051683309591346e-07
    ],
    [
      -3.203892359674823e-07,
      5.309931027524966e-09,
      3.6677441931970357e-07,
      -4.0924292981616024e-08,
      3.6614642457436847e-07,
      -3.9996660939596584e-08,
      3.667744193197036e-07,
      -4.0924292981616097e-08,
      4.1562655679493547e-07,
      -9.544528479887974e-08
    ],
    [
      -7.232871212320376e-08,
      -1.3042068951180218e-08,
      -4.1600971041586416e-08,
      1.0051683309591342e-07,
      -4.005851206666072e-08,
      9.823841535552631e-08,
      -4.1600971041586416e-08,
      1.005168330959134e-07,
      -9.544528479888065e-08,
      2.3313033789256833e-07
    ]
  ],
  "log_iptg_offset": 1e-06,
  "n": 2,
  "param_names": [
    "base|b",
    "base|m",
    "kanR|0|b",
    "kanR|0|m",
    "kanR|1|b",
    "kanR|1|m",
    "pheS|0|b",
    "pheS|0|m",
    "pheS|1|b",
    "pheS|1|m"
  ],
  "param_values": [
    0.024245296981347204,
    0.00010985268437050306,
    0.0018728890050777373,
    -8.444576024275724e-05,
    -0.019489015388609622,
    0.004901915785904999,
    -0.00221059618274898,
    0.0002683950254787085,
    -0.01094524654866563,
    -0.008593881827998516
  ]
}
